,Hours Studied,Previous Scores,Sleep Hours,Sample Question Papers Practiced,Performance Index
count,10000.0,10000.0,10000.0,10000.0,10000.0
mean,4.9929,69.4457,6.5306,4.5833,55.2248
std,2.5893087961856156,17.34315225104711,1.6958629765177118,2.867347777708144,19.212557799463344
min,1.0,40.0,4.0,0.0,10.0
25%,3.0,54.0,5.0,2.0,40.0
50%,5.0,69.0,7.0,5.0,55.0
75%,7.0,85.0,8.0,7.0,71.0
max,9.0,99.0,9.0,9.0,100.0
